report_id	url
aggregate_series	https://www.encodeproject.org/report.tsv?type=AggregateSeries&field=%40id&field=accession&field=assay_term_name&field=organism.scientific_name&field=description&field=biosample_ontology.term_name&field=lab.title&field=award.project&field=status&field=target.%40id&field=target.label&field=related_datasets.%40id&field=related_datasets.replicates.antibody.accession&field=related_datasets.replicates.library.biosample.life_stage&field=related_datasets.replicates.library.biosample.age_display&field=related_datasets.replicates.library.biosample.treatments.treatment_term_name&field=related_datasets.replicates.library.biosample.treatments.treatment_term_id&field=related_datasets.replicates.library.biosample.treatments.amount&field=related_datasets.replicates.library.biosample.treatments.amount_units&field=related_datasets.replicates.library.biosample.treatments.duration&field=related_datasets.replicates.library.biosample.treatments.duration_units&field=related_datasets.replicates.library.biosample.synchronization&field=related_datasets.replicates.library.biosample.post_synchronization_time&field=related_datasets.replicates.library.biosample.post_synchronization_time_units&field=related_series.%40id&field=submitter_comment&field=schema_version&field=alternate_accessions&field=analyses&field=dbxrefs&field=date_released&field=doi&field=internal_tags&field=documents&field=notes&field=references&field=date_created&field=submitted_by&field=award&field=aliases&field=uuid&field=related_series&field=assay_synonyms&field=biosample_ontology&field=assay_slims&field=assay_term_id&field=%40type&field=original_files&field=contributing_files&field=files&field=revoked_files&field=assembly&field=hub&field=default_analysis&field=revoked_datasets&field=biosample_summary&field=series_files
analysis	https://www.encodeproject.org/report.tsv?type=Analysis&field=%40id&field=status&field=pipeline_award_rfas&field=assembly&field=genome_annotation&field=documents&field=notes&field=date_created&field=submitted_by&field=lab&field=award&field=aliases&field=accession&field=uuid&field=schema_version&field=complete&field=files&field=pipeline_version&field=supersedes&field=quality_standard&field=%40type&field=datasets&field=pipelines&field=pipeline_labs&field=superseded_by&field=quality_metrics&field=title
analysis_step	https://www.encodeproject.org/report.tsv?type=AnalysisStep&field=%40id&field=aliases&field=title&field=name&field=notes&field=documents&field=date_created&field=submitted_by&field=status&field=uuid&field=schema_version&field=step_label&field=major_version&field=analysis_step_types&field=input_file_types&field=output_file_types&field=qa_stats_generated&field=parents&field=%40type&field=pipelines&field=current_version&field=versions
analysis_step_run	https://www.encodeproject.org/report.tsv?type=AnalysisStepRun&field=%40id&field=aliases&field=status&field=notes&field=lab&field=award&field=date_created&field=submitted_by&field=uuid&field=schema_version&field=analysis_step_version&field=dx_applet_details&field=pipeline_run_id&field=%40type
analysis_step_version	https://www.encodeproject.org/report.tsv?type=AnalysisStepVersion&field=%40id&field=aliases&field=name&field=notes&field=date_created&field=submitted_by&field=status&field=uuid&field=schema_version&field=minor_version&field=analysis_step&field=software_versions&field=%40type
annotation	https://www.encodeproject.org/report.tsv?type=Annotation&field=%40id&field=accession&field=targets.%40id&field=targets.label&field=biosample_ontology.term_name&field=description&field=lab.title&field=award.project&field=status&field=organism.scientific_name&field=relevant_life_stage&field=relevant_timepoint&field=relevant_timepoint_units&field=software_used.software.name&field=treatments.treatment_term_name&field=schema_version&field=related_files&field=alternate_accessions&field=analyses&field=dbxrefs&field=date_released&field=doi&field=internal_tags&field=biosample_ontology&field=documents&field=notes&field=date_created&field=submitted_by&field=references&field=award&field=aliases&field=uuid&field=annotation_type&field=annotation_subtype&field=assay_term_name&field=encyclopedia_version&field=trait&field=supersedes&field=experimental_input&field=donor&field=disease_term_id&field=treatments&field=post_treatment_time&field=post_treatment_time_units&field=%40type&field=original_files&field=contributing_files&field=files&field=revoked_files&field=assembly&field=hub&field=default_analysis&field=superseded_by&field=biochemical_inputs&field=disease_term_name
antibody_characterization	https://www.encodeproject.org/report.tsv?type=AntibodyCharacterization&field=%40id&field=aliases&field=submitter_comment&field=documents&field=notes&field=references&field=schema_version&field=characterizes&field=caption&field=date&field=status&field=date_created&field=submitted_by&field=lab&field=award&field=attachment&field=uuid&field=reviewed_by&field=characterization_reviews&field=target&field=primary_characterization_method&field=secondary_characterization_method&field=%40type&field=characterization_method
antibody_lot	https://www.encodeproject.org/report.tsv?type=AntibodyLot&field=%40id&field=accession&field=control_type&field=isotype&field=lot_reviews.biosample_term_name&field=lot_reviews.status&field=lot_reviews.organisms.scientific_name&field=lot_reviews.targets.investigated_as&field=lot_reviews.targets.label&field=lot_reviews.targets.name&field=lot_reviews.targets.organism.scientific_name&field=source.title&field=product_id&field=lot_id&field=host_organism.name&field=status&field=notes&field=url&field=date_created&field=submitted_by&field=lab&field=award&field=aliases&field=uuid&field=schema_version&field=alternate_accessions&field=lot_id_alias&field=antigen_description&field=antigen_sequence&field=clonality&field=dbxrefs&field=purifications&field=%40type&field=title&field=characterizations&field=used_by_biosample_characterizations&field=lot_reviews
atac_alignment_enrichment_quality_metric	https://www.encodeproject.org/report.tsv?type=AtacAlignmentEnrichmentQualityMetric&field=%40id&field=aliases&field=assay_term_name&field=status&field=lab&field=award&field=date_created&field=submitted_by&field=uuid&field=schema_version&field=step_run&field=quality_metric_of&field=attachment&field=subsampled_reads&field=fri_dhs&field=fri_exclusion_list&field=fri_prom&field=fri_enh&field=estimated_fragment_len&field=corr_estimated_fragment_len&field=phantom_peak&field=corr_phantom_peak&field=argmin_corr&field=min_corr&field=NSC&field=RSC&field=cross_correlation_plot&field=auc&field=syn_auc&field=x_intercept&field=syn_x_intercept&field=elbow_pt&field=syn_elbow_pt&field=jsd&field=syn_jsd&field=pct_genome_enrich&field=diff_enrich&field=ch_div&field=jsd_plot&field=gc_bias_plot&field=tss_enrichment&field=tss_enrichment_plot&field=%40type&field=assay_term_id
atac_alignment_quality_metric	https://www.encodeproject.org/report.tsv?type=AtacAlignmentQualityMetric&field=%40id&field=aliases&field=assay_term_name&field=status&field=lab&field=award&field=date_created&field=submitted_by&field=uuid&field=schema_version&field=step_run&field=quality_metric_of&field=attachment&field=processing_stage&field=total_reads&field=total_reads_qc_failed&field=duplicate_reads&field=duplicate_reads_qc_failed&field=mapped_reads&field=mapped_reads_qc_failed&field=pct_mapped_reads&field=paired_reads&field=paired_reads_qc_failed&field=read1&field=read1_qc_failed&field=read2&field=read2_qc_failed&field=properly_paired_reads&field=properly_paired_reads_qc_failed&field=pct_properly_paired_reads&field=with_itself&field=with_itself_qc_failed&field=singletons&field=singletons_qc_failed&field=pct_singletons&field=diff_chroms&field=diff_chroms_qc_failed&field=non_mito_reads&field=mito_reads&field=frac_mito_reads&field=frac_reads_in_nfr&field=frac_reads_in_nfr_qc_pass&field=frac_reads_in_nfr_qc_reason&field=nfr_over_mono_nuc_reads&field=nfr_over_mono_nuc_reads_qc_pass&field=nfr_over_mono_nuc_reads_qc_reason&field=nfr_peak_exists&field=mono_nuc_peak_exists&field=di_nuc_peak_exists&field=%40type&field=assay_term_id&field=usable_fragments
atac_library_quality_metric	https://www.encodeproject.org/report.tsv?type=AtacLibraryQualityMetric&field=%40id&field=aliases&field=assay_term_name&field=status&field=lab&field=award&field=date_created&field=submitted_by&field=uuid&field=schema_version&field=step_run&field=quality_metric_of&field=attachment&field=unpaired_reads&field=paired_reads&field=unmapped_reads&field=unpaired_duplicate_reads&field=paired_duplicate_reads&field=paired_optical_duplicate_reads&field=pct_duplicate_reads&field=total_fragments&field=distinct_fragments&field=positions_with_one_read&field=NRF&field=PBC1&field=PBC2&field=fragment_length_distribution_plot&field=%40type&field=assay_term_id
atac_peak_enrichment_quality_metric	https://www.encodeproject.org/report.tsv?type=AtacPeakEnrichmentQualityMetric&field=%40id&field=aliases&field=assay_term_name&field=status&field=lab&field=award&field=notes&field=date_created&field=submitted_by&field=uuid&field=schema_version&field=step_run&field=quality_metric_of&field=attachment&field=frip&field=min_size&field=25_pct&field=50_pct&field=75_pct&field=max_size&field=mean&field=peak_width_distribution_plot&field=%40type&field=assay_term_id
atac_replication_quality_metric	https://www.encodeproject.org/report.tsv?type=AtacReplicationQualityMetric&field=%40id&field=aliases&field=assay_term_name&field=status&field=lab&field=award&field=date_created&field=submitted_by&field=uuid&field=schema_version&field=step_run&field=quality_metric_of&field=attachment&field=reproducible_peaks&field=idr_cutoff&field=rescue_ratio&field=self_consistency_ratio&field=reproducibility&field=idr_dispersion_plot&field=idr_parameters&field=%40type&field=assay_term_id
award	https://www.encodeproject.org/report.tsv?type=Award&field=%40id&field=title&field=name&field=project&field=rfa&field=status&field=url&field=uuid&field=schema_version&field=description&field=milestones&field=start_date&field=end_date&field=pi&field=viewing_group&field=component&field=%40type
biosample	https://www.encodeproject.org/report.tsv?type=Biosample&field=%40id&field=accession&field=description&field=age&field=age_units&field=age_display&field=biosample_ontology.term_name&field=biosample_ontology.classification&field=synchronization&field=post_synchronization_time&field=post_synchronization_time_units&field=organism.scientific_name&field=parent_of&field=applied_modifications.modified_site_by_target_id.name&field=applied_modifications.modified_site_by_target_id.organism&field=applied_modifications.introduced_gene.organism&field=applied_modifications.purpose&field=applied_modifications.method&field=applied_modifications.category&field=source.title&field=lab.title&field=life_stage&field=status&field=treatments.treatment_term_name&field=treatments.treatment_type_details&field=treatments.purpose&field=culture_harvest_date&field=date_obtained&field=summary&field=uuid&field=url&field=aliases&field=schema_version&field=award&field=date_created&field=submitted_by&field=notes&field=submitter_comment&field=documents&field=references&field=lot_id&field=product_id&field=biosample_ontology&field=genetic_modifications&field=alternate_accessions&field=treatments&field=dbxrefs&field=donor&field=sample_collection_age&field=sample_collection_age_units&field=passage_number&field=depleted_in_term_name&field=model_organism_mating_status&field=internal_tags&field=originated_from&field=pooled_from&field=part_of&field=host&field=subcellular_fraction_term_name&field=phase&field=culture_start_date&field=starting_amount&field=starting_amount_units&field=PMI&field=PMI_units&field=preservation_method&field=cell_isolation_method&field=model_organism_sex&field=mouse_life_stage&field=fly_life_stage&field=fly_synchronization_stage&field=post_treatment_time&field=post_treatment_time_units&field=post_differentiation_time&field=post_differentiation_time_units&field=worm_life_stage&field=worm_synchronization_stage&field=model_organism_health_status&field=nih_institutional_certification&field=post_nucleic_acid_delivery_time&field=post_nucleic_acid_delivery_time_units&field=disease_term_id&field=pulse_chase_time&field=pulse_chase_time_units&field=expressed_genes&field=%40type&field=sex&field=disease_term_name&field=health_status&field=model_organism_donor_modifications&field=applied_modifications&field=characterizations&field=depleted_in_term_id&field=subcellular_fraction_term_id&field=origin_batch&field=perturbed&field=simple_summary
biosample_characterization	https://www.encodeproject.org/report.tsv?type=BiosampleCharacterization&field=%40id&field=characterizes.biosample_ontology.term_name&field=characterization_method&field=lab.title&field=review.lab.title&field=review.status&field=review&field=submitter_comment&field=documents&field=status&field=aliases&field=references&field=notes&field=schema_version&field=characterizes&field=caption&field=date&field=date_created&field=submitted_by&field=lab&field=award&field=attachment&field=uuid&field=antibody&field=wildtype_biosample&field=%40type
biosample_type	https://www.encodeproject.org/report.tsv?type=BiosampleType&field=%40id&field=classification&field=term_id&field=term_name&field=status&field=uuid&field=schema_version&field=references&field=notes&field=aliases&field=dbxrefs&field=%40type&field=name&field=organ_slims&field=cell_slims&field=developmental_slims&field=system_slims&field=synonyms
bismark_quality_metric	https://www.encodeproject.org/report.tsv?type=BismarkQualityMetric&field=%40id&field=aliases&field=assay_term_name&field=lab&field=award&field=status&field=date_created&field=submitted_by&field=uuid&field=schema_version&field=step_run&field=quality_metric_of&field=attachment&field=Sequences+analysed+in+total&field=lambda+Sequences+analysed+in+total&field=Mapping+efficiency&field=lambda+Mapping+efficiency&field=lambda+C+methylated+in+CpG+context&field=lambda+C+methylated+in+CHG+context&field=lambda+C+methylated+in+CHH+context&field=C+methylated+in+CHH+context&field=C+methylated+in+CHG+context&field=C+methylated+in+CpG+context&field=%40type&field=assay_term_id
bpnet_quality_metric	https://www.encodeproject.org/report.tsv?type=BpnetQualityMetric&field=%40id&field=aliases&field=assay_term_name&field=status&field=lab&field=award&field=date_created&field=submitted_by&field=uuid&field=schema_version&field=step_run&field=quality_metric_of&field=attachment&field=count_spearman_peaks&field=count_spearman_allregions&field=count_pearson_peaks&field=count_pearson_allregions&field=profile_normjsd_peaks&field=auprc&field=auroc&field=%40type&field=assay_term_id
bru_library_quality_metric	https://www.encodeproject.org/report.tsv?type=BruLibraryQualityMetric&field=%40id&field=aliases&field=assay_term_name&field=status&field=lab&field=award&field=date_created&field=submitted_by&field=uuid&field=schema_version&field=step_run&field=quality_metric_of&field=attachment&field=nMap&field=nMapUniq&field=nLibOnce&field=nLibMulti&field=nPos&field=nPosOnce&field=nPosMulti&field=nRRNA&field=nChrM&field=nEBV&field=nMapLabeledAll&field=nMapUnlabeledAll&field=nMap_IVT_AGP23&field=nMap_IVT_OBF5&field=nMap_IVT_PDF1&field=nMap_IVT_AP2&field=nMap_chrEC&field=nMapUniq_chrEC&field=dm6_nMap&field=dm6_nMap_premap&field=dm6_nMapAll&field=dm6_nMapUniq&field=dm6_nMapUniq_premap&field=dm6_nMapUniqAll&field=nSplc&field=n_exon_antisense&field=n_exon_sense&field=n_intergenic&field=n_intron_antisense&field=n_intron_sense&field=n_ambiguous&field=fracRRNA&field=fracChrM&field=frac_intron_sense&field=frac_exon_sense&field=frac_intergenic&field=fracSplc&field=fracLibOnce&field=fracPosOnce&field=fracPosHit&field=fracBru&field=fracBruUniq&field=%40type&field=assay_term_id
cart	https://www.encodeproject.org/report.tsv?type=Cart&field=%40id&field=schema_version&field=elements&field=file_views&field=name&field=description&field=status&field=submitted_by.lab.title&field=uuid&field=date_created&field=submitted_by&field=identifier&field=doi&field=locked&field=%40type
chia_pet_alignment_quality_metric	https://www.encodeproject.org/report.tsv?type=ChiaPetAlignmentQualityMetric&field=%40id&field=aliases&field=assay_term_name&field=status&field=lab&field=award&field=date_created&field=submitted_by&field=uuid&field=schema_version&field=step_run&field=quality_metric_of&field=attachment&field=total_rp&field=rp_bl&field=frp_bl&field=pet&field=um_pet&field=nr_pet&field=pet_red&field=%40type&field=assay_term_id
chia_pet_chr_interactions_quality_metric	https://www.encodeproject.org/report.tsv?type=ChiaPetChrInteractionsQualityMetric&field=%40id&field=aliases&field=assay_term_name&field=status&field=lab&field=award&field=date_created&field=submitted_by&field=uuid&field=schema_version&field=step_run&field=quality_metric_of&field=attachment&field=intra_inter_pet_ratio&field=intra_inter_clust_pet2_ratio&field=intra_inter_clust_pet5_ratio&field=intra_inter_clust_pet10_ratio&field=%40type&field=assay_term_id
chia_pet_peak_enrichment_quality_metric	https://www.encodeproject.org/report.tsv?type=ChiaPetPeakEnrichmentQualityMetric&field=%40id&field=aliases&field=assay_term_name&field=status&field=lab&field=award&field=date_created&field=submitted_by&field=uuid&field=schema_version&field=step_run&field=quality_metric_of&field=attachment&field=binding_peaks&field=%40type&field=assay_term_id
chip_alignment_quality_metric	https://www.encodeproject.org/report.tsv?type=ChipAlignmentQualityMetric&field=%40id&field=aliases&field=assay_term_name&field=status&field=lab&field=award&field=date_created&field=submitted_by&field=uuid&field=schema_version&field=step_run&field=quality_metric_of&field=attachment&field=processing_stage&field=total_reads&field=total_reads_qc_failed&field=duplicate_reads&field=duplicate_reads_qc_failed&field=mapped_reads&field=mapped_reads_qc_failed&field=pct_mapped_reads&field=paired_reads&field=paired_reads_qc_failed&field=read1&field=read1_qc_failed&field=read2&field=read2_qc_failed&field=properly_paired_reads&field=properly_paired_reads_qc_failed&field=pct_properly_paired_reads&field=with_itself&field=with_itself_qc_failed&field=singletons&field=singletons_qc_failed&field=pct_singletons&field=diff_chroms&field=diff_chroms_qc_failed&field=%40type&field=assay_term_id&field=usable_fragments
chip_library_quality_metric	https://www.encodeproject.org/report.tsv?type=ChipLibraryQualityMetric&field=%40id&field=aliases&field=assay_term_name&field=status&field=lab&field=award&field=date_created&field=submitted_by&field=uuid&field=schema_version&field=step_run&field=quality_metric_of&field=attachment&field=unpaired_reads&field=paired_reads&field=unmapped_reads&field=unpaired_duplicate_reads&field=paired_duplicate_reads&field=paired_optical_duplicate_reads&field=pct_duplicate_reads&field=total_fragments&field=distinct_fragments&field=positions_with_one_read&field=NRF&field=PBC1&field=PBC2&field=%40type&field=assay_term_id
chip_peak_enrichment_quality_metric	https://www.encodeproject.org/report.tsv?type=ChipPeakEnrichmentQualityMetric&field=%40id&field=aliases&field=assay_term_name&field=status&field=lab&field=award&field=date_created&field=submitted_by&field=uuid&field=schema_version&field=step_run&field=quality_metric_of&field=attachment&field=frip&field=min_size&field=25_pct&field=50_pct&field=75_pct&field=max_size&field=mean&field=%40type&field=assay_term_id
chip_replication_quality_metric	https://www.encodeproject.org/report.tsv?type=ChipReplicationQualityMetric&field=%40id&field=aliases&field=assay_term_name&field=status&field=lab&field=award&field=date_created&field=submitted_by&field=uuid&field=schema_version&field=step_run&field=quality_metric_of&field=attachment&field=reproducible_peaks&field=idr_cutoff&field=rescue_ratio&field=self_consistency_ratio&field=reproducibility&field=idr_dispersion_plot&field=idr_parameters&field=%40type&field=assay_term_id
chip_seq_filter_quality_metric	https://www.encodeproject.org/report.tsv?type=ChipSeqFilterQualityMetric&field=%40id&field=aliases&field=assay_term_name&field=status&field=lab&field=award&field=date_created&field=submitted_by&field=uuid&field=schema_version&field=step_run&field=quality_metric_of&field=attachment&field=NSC&field=RSC&field=PBC1&field=PBC2&field=fragment+length&field=NRF&field=cross_correlation_plot&field=%40type&field=assay_term_id
complexity_xcorr_quality_metric	https://www.encodeproject.org/report.tsv?type=ComplexityXcorrQualityMetric&field=%40id&field=aliases&field=assay_term_name&field=status&field=lab&field=award&field=date_created&field=submitted_by&field=uuid&field=schema_version&field=step_run&field=quality_metric_of&field=attachment&field=sample+size&field=paired-end&field=read+length&field=fragment+length&field=NRF&field=PBC1&field=PBC2&field=NSC&field=RSC&field=cross_correlation_plot&field=%40type&field=assay_term_id
correlation_quality_metric	https://www.encodeproject.org/report.tsv?type=CorrelationQualityMetric&field=%40id&field=aliases&field=assay_term_name&field=status&field=lab&field=award&field=date_created&field=submitted_by&field=uuid&field=schema_version&field=step_run&field=quality_metric_of&field=attachment&field=Pearson+correlation&field=Spearman+correlation&field=Items&field=Standard+deviation&field=MAD+of+log+ratios&field=Details&field=%40type&field=assay_term_id
cpg_correlation_quality_metric	https://www.encodeproject.org/report.tsv?type=CpgCorrelationQualityMetric&field=%40id&field=aliases&field=assay_term_name&field=status&field=lab&field=award&field=date_created&field=submitted_by&field=uuid&field=schema_version&field=step_run&field=quality_metric_of&field=attachment&field=CpG+pairs&field=CpG+pairs+with+atleast+10+reads+each&field=Pearson+correlation&field=%40type&field=assay_term_id
differential_accessibility_series	https://www.encodeproject.org/report.tsv?type=DifferentialAccessibilitySeries&field=%40id&field=accession&field=assay_term_name&field=organism.scientific_name&field=description&field=biosample_ontology.term_name&field=lab.title&field=award.project&field=status&field=target.%40id&field=target.label&field=related_datasets.replicates.antibody.accession&field=related_datasets.replicates.library.biosample.life_stage&field=related_datasets.replicates.library.biosample.age_display&field=related_datasets.replicates.library.biosample.disease_term_name&field=related_datasets.replicates.library.biosample.treatments.treatment_term_name&field=related_datasets.replicates.library.biosample.treatments.treatment_term_id&field=related_datasets.replicates.library.biosample.treatments.amount&field=related_datasets.replicates.library.biosample.treatments.amount_units&field=related_datasets.replicates.library.biosample.treatments.duration&field=related_datasets.replicates.library.biosample.treatments.duration_units&field=related_datasets.replicates.library.biosample.expressed_genes&field=submitter_comment&field=schema_version&field=related_datasets&field=alternate_accessions&field=analyses&field=dbxrefs&field=date_released&field=doi&field=internal_tags&field=documents&field=notes&field=references&field=date_created&field=submitted_by&field=award&field=aliases&field=uuid&field=supersedes&field=assay_synonyms&field=biosample_ontology&field=assay_slims&field=assay_term_id&field=%40type&field=original_files&field=contributing_files&field=files&field=revoked_files&field=assembly&field=hub&field=default_analysis&field=revoked_datasets&field=biosample_summary&field=series_files&field=superseded_by
differentiation_series	https://www.encodeproject.org/report.tsv?type=DifferentiationSeries&field=%40id&field=accession&field=assay_term_name&field=organism.scientific_name&field=description&field=biosample_ontology.term_name&field=lab.title&field=award.project&field=status&field=target.%40id&field=target.label&field=related_datasets.%40id&field=related_datasets.replicates.antibody.accession&field=related_datasets.replicates.library.biosample.life_stage&field=related_datasets.replicates.library.biosample.age_display&field=related_datasets.replicates.library.biosample.treatments.treatment_term_name&field=related_datasets.replicates.library.biosample.treatments.treatment_term_id&field=related_datasets.replicates.library.biosample.treatments.amount&field=related_datasets.replicates.library.biosample.treatments.amount_units&field=related_datasets.replicates.library.biosample.treatments.duration&field=related_datasets.replicates.library.biosample.treatments.duration_units&field=related_datasets.replicates.library.biosample.synchronization&field=related_datasets.replicates.library.biosample.post_synchronization_time&field=related_datasets.replicates.library.biosample.post_synchronization_time_units&field=related_datasets.replicates.library.biosample.post_differentiation_time&field=related_datasets.replicates.library.biosample.post_differentiation_time_units&field=submitter_comment&field=schema_version&field=alternate_accessions&field=analyses&field=dbxrefs&field=date_released&field=doi&field=internal_tags&field=documents&field=notes&field=references&field=date_created&field=submitted_by&field=award&field=aliases&field=uuid&field=assay_synonyms&field=biosample_ontology&field=assay_slims&field=assay_term_id&field=%40type&field=original_files&field=contributing_files&field=files&field=revoked_files&field=assembly&field=hub&field=default_analysis&field=revoked_datasets&field=biosample_summary&field=series_files
disease_series	https://www.encodeproject.org/report.tsv?type=DiseaseSeries&field=%40id&field=accession&field=assay_term_name&field=organism.scientific_name&field=description&field=biosample_ontology.term_name&field=lab.title&field=award.project&field=status&field=target.%40id&field=target.label&field=related_datasets.%40id&field=related_datasets.replicates.antibody.accession&field=related_datasets.replicates.library.biosample.life_stage&field=related_datasets.replicates.library.biosample.age_display&field=related_datasets.replicates.library.biosample.disease_term_name&field=related_datasets.replicates.library.biosample.treatments.treatment_term_name&field=related_datasets.replicates.library.biosample.treatments.treatment_term_id&field=related_datasets.replicates.library.biosample.treatments.amount&field=related_datasets.replicates.library.biosample.treatments.amount_units&field=related_datasets.replicates.library.biosample.treatments.duration&field=related_datasets.replicates.library.biosample.treatments.duration_units&field=related_datasets.replicates.library.biosample.synchronization&field=related_datasets.replicates.library.biosample.post_synchronization_time&field=related_datasets.replicates.library.biosample.post_synchronization_time_units&field=submitter_comment&field=schema_version&field=alternate_accessions&field=analyses&field=dbxrefs&field=date_released&field=doi&field=internal_tags&field=documents&field=notes&field=references&field=date_created&field=submitted_by&field=award&field=aliases&field=uuid&field=supersedes&field=assay_synonyms&field=biosample_ontology&field=assay_slims&field=assay_term_id&field=%40type&field=original_files&field=contributing_files&field=files&field=revoked_files&field=assembly&field=hub&field=default_analysis&field=revoked_datasets&field=biosample_summary&field=series_files&field=superseded_by
dnase_alignment_quality_metric	https://www.encodeproject.org/report.tsv?type=DnaseAlignmentQualityMetric&field=%40id&field=aliases&field=assay_term_name&field=status&field=lab&field=award&field=date_created&field=submitted_by&field=uuid&field=schema_version&field=step_run&field=quality_metric_of&field=attachment&field=fourier_transform_eleven&field=insert_size_histogram&field=insert_size_metric&field=large_small_ratio&field=nuclear_preseq&field=nuclear_preseq_targets&field=defect_mode&field=%40type&field=assay_term_id
dnase_footprinting_quality_metric	https://www.encodeproject.org/report.tsv?type=DnaseFootprintingQualityMetric&field=%40id&field=aliases&field=assay_term_name&field=status&field=lab&field=award&field=date_created&field=submitted_by&field=uuid&field=schema_version&field=step_run&field=quality_metric_of&field=attachment&field=footprint_count&field=dispersion_model&field=%40type&field=assay_term_id
document	https://www.encodeproject.org/report.tsv?type=Document&field=%40id&field=document_type&field=description&field=attachment.href&field=attachment.type&field=attachment.width&field=attachment.height&field=attachment.download&field=award.name&field=award.%40id&field=lab.title&field=submitted_by.title&field=notes&field=references&field=date_created&field=status&field=aliases&field=attachment&field=uuid&field=schema_version&field=urls&field=%40type
donor_characterization	https://www.encodeproject.org/report.tsv?type=DonorCharacterization&field=%40id&field=characterization_method&field=caption&field=description&field=submitter_comment&field=documents&field=aliases&field=references&field=status&field=notes&field=schema_version&field=characterizes&field=date&field=date_created&field=submitted_by&field=lab&field=award&field=attachment&field=uuid&field=%40type
duplicates_quality_metric	https://www.encodeproject.org/report.tsv?type=DuplicatesQualityMetric&field=%40id&field=aliases&field=assay_term_name&field=status&field=lab&field=award&field=date_created&field=submitted_by&field=uuid&field=schema_version&field=step_run&field=quality_metric_of&field=attachment&field=Reads+Examined&field=Read+Duplicates&field=UMI+Read+Duplicates&field=Percent+Duplication&field=Read+Pairs+Examined&field=Read+Pair+Duplicates&field=Read+Pair+Optical+Duplicates&field=Unmapped+Reads&field=Unpaired+Reads+Examined&field=Unpaired+Read+Duplicates&field=Estimated+Library+Size&field=%40type&field=assay_term_id
edwbamstats_quality_metric	https://www.encodeproject.org/report.tsv?type=EdwbamstatsQualityMetric&field=%40id&field=aliases&field=assay_term_name&field=status&field=lab&field=award&field=date_created&field=submitted_by&field=uuid&field=schema_version&field=step_run&field=quality_metric_of&field=attachment&field=alignedBy&field=isPaired&field=isSortedByTarget&field=mappedCount&field=readBaseCount&field=readCount&field=readSizeMax&field=readSizeMean&field=readSizeMin&field=readSizeStd&field=targetBaseCount&field=targetSeqCount&field=u4mReadCount&field=u4mUniquePos&field=u4mUniqueRatio&field=uniqueMappedCount&field=%40type&field=assay_term_id
experiment	https://www.encodeproject.org/report.tsv?type=Experiment&field=%40id&field=accession&field=assay_term_name&field=assay_title&field=biosample_ontology.classification&field=target.%40id&field=target.label&field=target.genes.symbol&field=biosample_summary&field=biosample_ontology.term_name&field=dbxrefs&field=description&field=lab.title&field=award.project&field=status&field=files.%40id&field=related_series&field=replicates.library.biosample.accession&field=replicates.biological_replicate_number&field=replicates.technical_replicate_number&field=replicates.antibody.accession&field=replicates.library.biosample.organism.scientific_name&field=replicates.library.biosample.life_stage&field=replicates.library.biosample.age_display&field=replicates.library.biosample.treatments.treatment_term_name&field=replicates.library.biosample.treatments.treatment_term_id&field=replicates.library.biosample.treatments.amount&field=replicates.library.biosample.treatments.amount_units&field=replicates.library.biosample.treatments.duration&field=replicates.library.biosample.treatments.duration_units&field=replicates.library.biosample.synchronization&field=replicates.library.biosample.post_synchronization_time&field=replicates.library.biosample.post_synchronization_time_units&field=replicates.library.biosample.applied_modifications.modified_site_by_target_id.organism&field=replicates.library.biosample.applied_modifications.introduced_gene.organism&field=replicates.%40id&field=replicates.library.mixed_biosamples&field=replicates.library.biosample.subcellular_fraction_term_name&field=replicates.library.construction_platform.term_name&field=replicates.library.construction_method&field=submitter_comment&field=biosample_ontology&field=documents&field=references&field=schema_version&field=alternate_accessions&field=analyses&field=date_released&field=doi&field=internal_tags&field=notes&field=date_created&field=submitted_by&field=award&field=aliases&field=uuid&field=date_submitted&field=possible_controls&field=supersedes&field=related_files&field=internal_status&field=pipeline_error_detail&field=control_type&field=bio_replicate_count&field=tech_replicate_count&field=replication_type&field=objective_slims&field=type_slims&field=category_slims&field=assay_slims&field=simple_biosample_summary&field=assay_term_id&field=assay_synonyms&field=%40type&field=original_files&field=contributing_files&field=revoked_files&field=assembly&field=hub&field=default_analysis&field=superseded_by&field=related_annotations&field=protein_tags&field=life_stage_age&field=perturbed
experiment_series	https://www.encodeproject.org/report.tsv?type=ExperimentSeries&field=%40id&field=accession&field=assay_term_name&field=assay_title&field=biosample_ontology.term_name&field=biosample_summary&field=contributors.title&field=contributing_awards.project&field=organism.scientific_name&field=related_datasets.status&field=related_datasets.replicates.library.biosample.age_display&field=related_datasets.replicates.library.biosample.life_stage&field=status&field=target.%40id&field=target.genes.symbol&field=target.label&field=submitter_comment&field=notes&field=date_created&field=submitted_by&field=lab&field=award&field=aliases&field=uuid&field=schema_version&field=alternate_accessions&field=analyses&field=description&field=dbxrefs&field=date_released&field=doi&field=internal_tags&field=related_datasets&field=assay_synonyms&field=treatment_term_name&field=target&field=biosample_ontology&field=assay_slims&field=assay_term_id&field=%40type&field=original_files&field=contributing_files&field=files&field=revoked_files&field=assembly&field=hub&field=default_analysis&field=revoked_datasets&field=series_files&field=contributing_awards&field=contributors
file	https://www.encodeproject.org/report.tsv?type=File&field=%40id&field=title&field=accession&field=dataset&field=assembly&field=technical_replicates&field=biological_replicates&field=file_format&field=file_type&field=file_format_type&field=file_size&field=assay_term_name&field=biosample_ontology.term_name&field=biosample_ontology.organ_slims&field=simple_biosample_summary&field=origin_batches&field=target.label&field=href&field=derived_from&field=genome_annotation&field=replicate.library.accession&field=paired_end&field=paired_with&field=preferred_default&field=run_type&field=read_length&field=mapped_read_length&field=cropped_read_length&field=cropped_read_length_tolerance&field=mapped_run_type&field=read_length_units&field=output_category&field=output_type&field=index_of&field=quality_metrics&field=lab.title&field=award.project&field=step_run&field=date_created&field=analysis_step_version&field=restricted&field=submitter_comment&field=status&field=annotation_type&field=annotation_subtype&field=biochemical_inputs&field=encyclopedia_version&field=uuid&field=aliases&field=schema_version&field=award&field=submitted_by&field=notes&field=alternate_accessions&field=external_accession&field=read_count&field=file_format_specifications&field=no_file_available&field=submitted_file_name&field=md5sum&field=content_md5sum&field=fastq_signature&field=platform&field=read_name_details&field=flowcell_details&field=controlled_by&field=supersedes&field=replicate&field=dbxrefs&field=restriction_enzymes&field=content_error_detail&field=revoke_detail&field=read_structure&field=matching_md5sum&field=hotspots_prefix&field=filter_type&field=filter_value&field=pseudo_haplotype&field=%40type&field=upload_credentials&field=biological_replicates_formatted&field=donors&field=superseded_by&field=cloud_metadata&field=s3_uri&field=azure_uri&field=assay_title&field=biosample_ontology&field=target&field=targets&field=analyses&field=processed
filtering_quality_metric	https://www.encodeproject.org/report.tsv?type=FilteringQualityMetric&field=%40id&field=aliases&field=assay_term_name&field=status&field=lab&field=award&field=date_created&field=submitted_by&field=uuid&field=schema_version&field=step_run&field=quality_metric_of&field=attachment&field=pre-filter+all+reads&field=pre-filter+mapped+reads&field=post-filter+all+reads&field=post-filter+mapped+reads&field=%40type&field=assay_term_id
fly_donor	https://www.encodeproject.org/report.tsv?type=FlyDonor&field=%40id&field=accession&field=aliases&field=status&field=lab.title&field=strain_name&field=genotype&field=strain_background&field=genetic_modifications&field=external_ids&field=organism.scientific_name&field=schema_version&field=submitter_comment&field=uuid&field=award&field=date_created&field=submitted_by&field=notes&field=documents&field=references&field=source&field=url&field=alternate_accessions&field=parent_strains&field=dbxrefs&field=supersedes&field=%40type&field=characterizations&field=superseded_by
functional_characterization_experiment	https://www.encodeproject.org/report.tsv?type=FunctionalCharacterizationExperiment&field=%40id&field=accession&field=assay_term_name&field=assay_title&field=target.%40id&field=target.label&field=target.genes.symbol&field=examined_loci&field=perturbation_type&field=elements_references.crispr_screen_tiling&field=elements_references.elements_selection_method&field=elements_references.examined_loci.%40id&field=elements_references.examined_loci.symbol&field=crispr_screen_readout&field=biosample_summary&field=biosample_ontology.term_name&field=biosample_ontology.classification&field=datapoint&field=description&field=lab.title&field=award.project&field=status&field=files.%40id&field=replicates.library.biosample.accession&field=replicates.biological_replicate_number&field=replicates.technical_replicate_number&field=replicates.antibody.accession&field=replicates.library.biosample.organism.scientific_name&field=replicates.library.biosample.life_stage&field=replicates.library.biosample.age&field=replicates.library.biosample.age_units&field=replicates.library.biosample.treatments.treatment_term_name&field=replicates.library.biosample.treatments.treatment_term_id&field=replicates.library.biosample.treatments.amount&field=replicates.library.biosample.treatments.amount_units&field=replicates.library.biosample.treatments.duration&field=replicates.library.biosample.treatments.duration_units&field=replicates.library.biosample.treatments.purpose&field=replicates.library.biosample.synchronization&field=replicates.library.biosample.post_synchronization_time&field=replicates.library.biosample.post_synchronization_time_units&field=replicates.%40id&field=replicates.library.biosample.subcellular_fraction_term_name&field=replicates.library.construction_platform.term_name&field=replicates.library.construction_method&field=submitter_comment&field=biosample_ontology&field=documents&field=references&field=schema_version&field=alternate_accessions&field=analyses&field=dbxrefs&field=date_released&field=doi&field=internal_tags&field=notes&field=date_created&field=submitted_by&field=award&field=aliases&field=uuid&field=date_submitted&field=target_expression_range_minimum&field=target_expression_range_maximum&field=target_expression_percentile&field=possible_controls&field=elements_references&field=elements_cloning&field=elements_mappings&field=supersedes&field=control_type&field=plasmids_library_type&field=bio_replicate_count&field=tech_replicate_count&field=replication_type&field=objective_slims&field=type_slims&field=category_slims&field=assay_slims&field=simple_biosample_summary&field=assay_term_id&field=assay_synonyms&field=%40type&field=original_files&field=contributing_files&field=revoked_files&field=assembly&field=hub&field=default_analysis&field=related_series&field=superseded_by&field=biosamples
functional_characterization_series	https://www.encodeproject.org/report.tsv?type=FunctionalCharacterizationSeries&field=%40id&field=accession&field=assay_term_name&field=organism.scientific_name&field=description&field=biosample_summary&field=datapoint&field=biosample_ontology.classification&field=biosample_ontology.term_name&field=elements_references.crispr_screen_tiling&field=elements_references.elements_selection_method&field=elements_references.examined_loci.%40id&field=elements_references.examined_loci.symbol&field=lab.title&field=award.project&field=status&field=target.%40id&field=target.label&field=related_datasets.%40id&field=related_datasets.replicates.antibody.accession&field=related_datasets.replicates.library.biosample.life_stage&field=related_datasets.replicates.library.biosample.age_display&field=related_datasets.replicates.library.biosample.treatments.treatment_term_name&field=related_datasets.replicates.library.biosample.treatments.purpose&field=related_datasets.replicates.library.biosample.treatments.treatment_term_id&field=related_datasets.replicates.library.biosample.treatments.amount&field=related_datasets.replicates.library.biosample.treatments.amount_units&field=related_datasets.replicates.library.biosample.treatments.duration&field=related_datasets.replicates.library.biosample.treatments.duration_units&field=related_datasets.replicates.library.biosample.synchronization&field=related_datasets.replicates.library.biosample.post_synchronization_time&field=related_datasets.replicates.library.biosample.post_synchronization_time_units&field=related_datasets.perturbation_type&field=related_datasets.examined_loci.gene.symbol&field=related_datasets.crispr_screen_readout&field=submitter_comment&field=schema_version&field=alternate_accessions&field=analyses&field=dbxrefs&field=date_released&field=doi&field=internal_tags&field=documents&field=notes&field=references&field=date_created&field=submitted_by&field=award&field=aliases&field=uuid&field=assay_synonyms&field=biosample_ontology&field=assay_slims&field=assay_term_id&field=%40type&field=original_files&field=contributing_files&field=files&field=revoked_files&field=assembly&field=hub&field=default_analysis&field=revoked_datasets&field=series_files&field=biosamples&field=elements_references&field=assay_title
gembs_alignment_quality_metric	https://www.encodeproject.org/report.tsv?type=GembsAlignmentQualityMetric&field=%40id&field=aliases&field=assay_term_name&field=status&field=lab&field=award&field=date_created&field=submitted_by&field=uuid&field=schema_version&field=step_run&field=quality_metric_of&field=attachment&field=mapq_plot&field=insert_size_plot&field=sequenced_reads&field=unmapped_reads&field=pct_unmapped_reads&field=correct_pairs&field=general_reads&field=average_coverage&field=pct_general_reads&field=unique_fragments&field=pct_unique_fragments&field=conversion_rate&field=reads_under_conversion_control&field=pct_reads_under_conversion_control&field=reads_over_conversion_control&field=pct_reads_over_conversion_control&field=bisulfite_reads_c2t&field=pct_bisulfite_reads_c2t&field=bisulfite_reads_g2a&field=pct_bisulfite_reads_g2a&field=%40type&field=assay_term_id
gene	https://www.encodeproject.org/report.tsv?type=Gene&field=%40id&field=geneid&field=symbol&field=synonyms&field=dbxrefs&field=organism.scientific_name&field=status&field=notes&field=uuid&field=schema_version&field=ncbi_entrez_status&field=name&field=locations&field=%40type&field=title&field=targets
gene_quantification_quality_metric	https://www.encodeproject.org/report.tsv?type=GeneQuantificationQualityMetric&field=%40id&field=aliases&field=assay_term_name&field=status&field=lab&field=award&field=date_created&field=submitted_by&field=uuid&field=schema_version&field=step_run&field=quality_metric_of&field=attachment&field=number_of_genes_detected&field=%40type&field=assay_term_id
gene_silencing_series	https://www.encodeproject.org/report.tsv?type=GeneSilencingSeries&field=%40id&field=accession&field=assay_term_name&field=organism.scientific_name&field=description&field=biosample_ontology.term_name&field=lab.title&field=award.project&field=status&field=target.%40id&field=target.label&field=related_datasets.%40id&field=related_datasets.replicates.antibody.accession&field=related_datasets.replicates.library.biosample.life_stage&field=related_datasets.replicates.library.biosample.age_display&field=related_datasets.replicates.library.biosample.treatments.treatment_term_name&field=related_datasets.replicates.library.biosample.treatments.treatment_term_id&field=related_datasets.replicates.library.biosample.treatments.amount&field=related_datasets.replicates.library.biosample.treatments.amount_units&field=related_datasets.replicates.library.biosample.treatments.duration&field=related_datasets.replicates.library.biosample.treatments.duration_units&field=related_datasets.replicates.library.biosample.synchronization&field=related_datasets.replicates.library.biosample.post_synchronization_time&field=related_datasets.replicates.library.biosample.post_synchronization_time_units&field=related_datasets.possible_controls.accession&field=submitter_comment&field=schema_version&field=alternate_accessions&field=analyses&field=dbxrefs&field=date_released&field=doi&field=internal_tags&field=documents&field=notes&field=references&field=date_created&field=submitted_by&field=award&field=aliases&field=uuid&field=assay_synonyms&field=biosample_ontology&field=assay_slims&field=assay_term_id&field=%40type&field=original_files&field=contributing_files&field=files&field=revoked_files&field=assembly&field=hub&field=default_analysis&field=revoked_datasets&field=biosample_summary&field=series_files
gene_type_quantification_quality_metric	https://www.encodeproject.org/report.tsv?type=GeneTypeQuantificationQualityMetric&field=%40id&field=aliases&field=assay_term_name&field=status&field=lab&field=award&field=date_created&field=submitted_by&field=uuid&field=schema_version&field=step_run&field=quality_metric_of&field=attachment&field=Mt_rRNA&field=antisense&field=miRNA&field=processed_transcript&field=protein_coding&field=rRNA&field=ribozyme&field=sRNA&field=scaRNA&field=sense_intronic&field=sense_overlapping&field=snRNA&field=snoRNA&field=spikein&field=%40type&field=assay_term_id
generic_quality_metric	https://www.encodeproject.org/report.tsv?type=GenericQualityMetric&field=%40id&field=aliases&field=name&field=assay_term_name&field=status&field=lab&field=award&field=date_created&field=submitted_by&field=uuid&field=schema_version&field=step_run&field=quality_metric_of&field=attachment&field=%40type&field=assay_term_id
genetic_modification	https://www.encodeproject.org/report.tsv?type=GeneticModification&field=%40id&field=accession&field=aliases&field=category&field=modified_site_by_target_id.name&field=lab.title&field=purpose&field=method&field=nucleic_acid_delivery_method&field=status&field=submitter_comment&field=notes&field=date_created&field=submitted_by&field=award&field=uuid&field=schema_version&field=alternate_accessions&field=description&field=introduced_elements_donor&field=introduced_elements_organism&field=zygosity&field=modified_site_by_gene_id&field=modified_site_by_coordinates&field=modified_site_by_sequence&field=modified_site_nonspecific&field=guide_type&field=introduced_tags&field=introduced_sequence&field=introduced_gene&field=introduced_elements&field=MOI&field=treatments&field=rnai_sequences&field=guide_rna_sequences&field=RVD_sequence_pairs&field=reagents&field=documents&field=CRISPR_system&field=cas_species&field=%40type&field=biosamples_modified&field=donors_modified&field=characterizations&field=perturbation
genetic_modification_characterization	https://www.encodeproject.org/report.tsv?type=GeneticModificationCharacterization&field=%40id&field=attachment&field=review&field=submitter_comment&field=documents&field=status&field=notes&field=schema_version&field=characterizes&field=caption&field=date&field=date_created&field=submitted_by&field=lab&field=award&field=aliases&field=uuid&field=characterization_method&field=%40type
hic_quality_metric	https://www.encodeproject.org/report.tsv?type=HicQualityMetric&field=%40id&field=aliases&field=assay_term_name&field=status&field=lab&field=award&field=date_created&field=submitted_by&field=uuid&field=schema_version&field=step_run&field=quality_metric_of&field=attachment&field=run_type&field=sequenced_reads&field=sequenced_read_pairs&field=no_chimera_found&field=0_alignments&field=1_alignment&field=1_alignment_unique&field=1_alignment_duplicates&field=2_alignments&field=2_alignments_a_b&field=2_alignment_duplicates&field=2_alignment_unique&field=2_alignments_a1_a2b_a1b2_b1a2&field=3_or_more_alignments&field=pct_no_chimera_found&field=pct_0_alignments&field=pct_1_alignment&field=pct_1_alignment_unique&field=pct_1_alignment_duplicates&field=pct_sequenced_1_alignment_unique&field=pct_sequenced_1_alignment_duplicates&field=pct_2_alignments&field=pct_2_alignment_unique&field=pct_2_alignment_duplicates&field=pct_2_alignments_a_b&field=pct_2_alignments_a1_a2b_a1b2_b1a2&field=pct_sequenced_2_alignment_unique&field=pct_sequenced_2_alignment_duplicates&field=pct_3_or_more_alignments&field=pct_unique_total_duplicates&field=pct_unique_total_unique&field=one_or_both_reads_unmapped&field=pct_one_or_both_reads_unmapped&field=ligation_motif_present&field=pct_ligation_motif_present&field=avg_insert_size&field=total_unique&field=pct_sequenced_total_unique&field=total_duplicates&field=pct_sequenced_total_duplicates&field=library_complexity_estimate&field=library_complexity_estimate_1_alignment&field=library_complexity_estimate_2_alignments&field=library_complexity_estimate_1_and_2_alignments&field=intra_fragment_reads&field=pct_sequenced_intra_fragment_reads&field=pct_unique_intra_fragment_reads&field=below_mapq_threshold&field=pct_sequenced_below_mapq_threshold&field=pct_unique_below_mapq_threshold&field=hic_contacts&field=pct_sequenced_hic_contacts&field=pct_unique_hic_contacts&field=pct_5_prime_bias_long_range&field=pct_3_prime_bias_long_range&field=lior_convergence&field=pct_left_pair_type&field=pct_right_pair_type&field=pct_inner_pair_type&field=pct_outer_pair_type&field=inter_chromosomal&field=pct_sequenced_inter_chromosomal&field=pct_unique_inter_chromosomal&field=intra_chromosomal&field=pct_sequenced_intra_chromosomal&field=pct_unique_intra_chromosomal&field=short_range_less_than_500bp&field=pct_sequenced_short_range_less_than_500bp&field=pct_unique_short_range_less_than_500bp&field=short_range_500bp_to_5kb&field=pct_sequenced_short_range_500bp_to_5kb&field=pct_unique_short_range_500bp_to_5kb&field=short_range_5kb_to_20kb&field=pct_sequenced_short_range_5kb_to_20kb&field=pct_unique_short_range_5kb_to_20kb&field=long_range_greater_than_20kb&field=pct_sequenced_long_range_greater_than_20kb&field=pct_unique_long_range_greater_than_20kb&field=%40type&field=assay_term_id
histone_chip_seq_quality_metric	https://www.encodeproject.org/report.tsv?type=HistoneChipSeqQualityMetric&field=%40id&field=aliases&field=assay_term_name&field=status&field=lab&field=award&field=date_created&field=submitted_by&field=uuid&field=schema_version&field=step_run&field=quality_metric_of&field=attachment&field=nreads&field=nreads_in_peaks&field=npeak_overlap&field=Fp&field=Ft&field=F1&field=F2&field=%40type&field=assay_term_id&field=frip
hotspot_quality_metric	https://www.encodeproject.org/report.tsv?type=HotspotQualityMetric&field=%40id&field=aliases&field=assay_term_name&field=status&field=lab&field=award&field=date_created&field=submitted_by&field=uuid&field=schema_version&field=step_run&field=quality_metric_of&field=attachment&field=spot1_score&field=spot2_score&field=hotspot_count&field=peaks_count&field=total_tags&field=hotspot_tags&field=five_percent_allcalls_count&field=five_percent_hotspots_count&field=five_percent_narrowpeaks_count&field=tenth_of_one_percent_narrowpeaks_count&field=%40type&field=assay_term_id
human_donor	https://www.encodeproject.org/report.tsv?type=HumanDonor&field=%40id&field=accession&field=aliases&field=age&field=age_units&field=health_status&field=life_stage&field=sex&field=organism.scientific_name&field=ethnicity&field=external_ids&field=lab.title&field=status&field=schema_version&field=submitter_comment&field=uuid&field=award&field=date_created&field=submitted_by&field=notes&field=url&field=documents&field=references&field=alternate_accessions&field=parents&field=siblings&field=twin&field=twin_type&field=internal_tags&field=dbxrefs&field=supersedes&field=%40type&field=characterizations&field=children&field=superseded_by
idr_quality_metric	https://www.encodeproject.org/report.tsv?type=IDRQualityMetric&field=%40id&field=aliases&field=assay_term_name&field=status&field=lab&field=award&field=date_created&field=submitted_by&field=uuid&field=schema_version&field=step_run&field=quality_metric_of&field=attachment&field=Fp&field=Ft&field=F1&field=F2&field=Np&field=Nt&field=N1&field=N2&field=IDR_cutoff&field=self_consistency_ratio&field=rescue_ratio&field=reproducibility_test&field=N_optimal&field=N_conservative&field=IDR_plot_true&field=IDR_plot_rep1_pr&field=IDR_plot_rep2_pr&field=IDR_plot_pool_pr&field=IDR_parameters_true&field=IDR_parameters_rep1_pr&field=IDR_parameters_rep2_pr&field=IDR_parameters_pool_pr&field=%40type&field=assay_term_id&field=frip
idr_summary_quality_metric	https://www.encodeproject.org/report.tsv?type=IdrSummaryQualityMetric&field=%40id&field=aliases&field=assay_term_name&field=status&field=lab&field=award&field=date_created&field=submitted_by&field=uuid&field=schema_version&field=step_run&field=quality_metric_of&field=attachment&field=Final+parameter+values+%28mu%2C+sigma%2C+rho%2C+and+mix%29&field=IDR+cutoff&field=Initial+parameter+values+%28mu%2C+sigma%2C+rho%2C+and+mix%29&field=Number+of+peaks+passing+IDR+cutoff&field=Number+of+reported+peaks&field=Percent+peaks+passing+IDR+cutoff&field=Percent+reported+peaks&field=%40type&field=assay_term_id
image	https://www.encodeproject.org/report.tsv?type=Image&field=%40id&field=thumb_nail&field=status&field=caption&field=notes&field=date_created&field=submitted_by&field=attachment&field=uuid&field=schema_version&field=%40type&field=download_url
lab	https://www.encodeproject.org/report.tsv?type=Lab&field=%40id&field=title&field=name&field=status&field=url&field=uuid&field=schema_version&field=pi&field=awards&field=institute_label&field=institute_name&field=address1&field=address2&field=city&field=state&field=country&field=postal_code&field=fax&field=phone1&field=phone2&field=%40type
library	https://www.encodeproject.org/report.tsv?type=Library&field=%40id&field=accession&field=award&field=lab&field=biosample.biosample_ontology.term_name&field=biosample.donor.organism.scientific_name&field=nucleic_acid_term_name&field=submitter_comment&field=notes&field=documents&field=lot_id&field=product_id&field=source&field=date_created&field=submitted_by&field=status&field=aliases&field=uuid&field=schema_version&field=alternate_accessions&field=spikeins_used&field=barcode_details&field=biosample&field=mixed_biosamples&field=mint_mixture_identifier&field=construction_platform&field=dbxrefs&field=nucleic_acid_starting_quantity&field=nucleic_acid_starting_quantity_units&field=extraction_method&field=fragmentation_methods&field=fragmentation_date&field=fragmentation_duration_time&field=fragmentation_duration_time_units&field=library_size_selection_method&field=lysis_method&field=crosslinking_method&field=size_range&field=average_fragment_size&field=fragment_length_CV&field=fragment_length_SD&field=queried_RNP_size_range&field=rna_integrity_number&field=strand_specificity&field=treatments&field=depleted_in_term_name&field=adapters&field=linkers&field=construction_method&field=inclusion_list&field=hic_construction&field=%40type&field=nucleic_acid_term_id&field=depleted_in_term_id
long_read_rna_mapping_quality_metric	https://www.encodeproject.org/report.tsv?type=LongReadRnaMappingQualityMetric&field=%40id&field=aliases&field=assay_term_name&field=status&field=lab&field=award&field=date_created&field=submitted_by&field=uuid&field=schema_version&field=step_run&field=quality_metric_of&field=attachment&field=full_length_non_chimeric_read_count&field=mapping_rate&field=%40type&field=assay_term_id
long_read_rna_quantification_quality_metric	https://www.encodeproject.org/report.tsv?type=LongReadRnaQuantificationQualityMetric&field=%40id&field=aliases&field=assay_term_name&field=status&field=lab&field=award&field=date_created&field=submitted_by&field=uuid&field=schema_version&field=step_run&field=quality_metric_of&field=attachment&field=genes_detected&field=%40type&field=assay_term_id
mad_quality_metric	https://www.encodeproject.org/report.tsv?type=MadQualityMetric&field=%40id&field=aliases&field=assay_term_name&field=status&field=lab&field=award&field=date_created&field=submitted_by&field=uuid&field=schema_version&field=step_run&field=quality_metric_of&field=attachment&field=SD+of+log+ratios&field=Pearson+correlation&field=Spearman+correlation&field=MAD+of+log+ratios&field=%40type&field=assay_term_id
manatee_donor	https://www.encodeproject.org/report.tsv?type=ManateeDonor&field=%40id&field=accession&field=aliases&field=status&field=lab.title&field=organism.scientific_name&field=genetic_modifications&field=external_ids&field=schema_version&field=submitter_comment&field=uuid&field=award&field=date_created&field=submitted_by&field=notes&field=documents&field=url&field=references&field=source&field=alternate_accessions&field=age&field=age_units&field=sex&field=life_stage&field=dbxrefs&field=internal_tags&field=supersedes&field=%40type&field=characterizations&field=superseded_by
matched_set	https://www.encodeproject.org/report.tsv?type=MatchedSet&field=%40id&field=accession&field=assay_term_name&field=biosample_ontology.term_name&field=organism.scientific_name&field=description&field=lab.title&field=award.project&field=status&field=target.%40id&field=target.label&field=related_datasets.%40id&field=related_datasets.replicates.antibody.accession&field=related_datasets.replicates.library.biosample.life_stage&field=related_datasets.replicates.library.biosample.age_display&field=related_datasets.replicates.library.biosample.treatments.treatment_term_name&field=related_datasets.replicates.library.biosample.treatments.treatment_term_id&field=related_datasets.replicates.library.biosample.treatments.amount&field=related_datasets.replicates.library.biosample.treatments.amount_units&field=related_datasets.replicates.library.biosample.treatments.duration&field=related_datasets.replicates.library.biosample.treatments.duration_units&field=related_datasets.replicates.library.biosample.synchronization&field=related_datasets.replicates.library.biosample.post_synchronization_time&field=related_datasets.replicates.library.biosample.post_synchronization_time_units&field=submitter_comment&field=schema_version&field=alternate_accessions&field=analyses&field=dbxrefs&field=date_released&field=doi&field=internal_tags&field=documents&field=notes&field=references&field=date_created&field=submitted_by&field=award&field=aliases&field=uuid&field=assay_synonyms&field=biosample_ontology&field=assay_slims&field=assay_term_id&field=%40type&field=original_files&field=contributing_files&field=files&field=revoked_files&field=assembly&field=hub&field=default_analysis&field=revoked_datasets&field=biosample_summary&field=series_files
micro_rna_mapping_quality_metric	https://www.encodeproject.org/report.tsv?type=MicroRnaMappingQualityMetric&field=%40id&field=aliases&field=assay_term_name&field=status&field=lab&field=award&field=date_created&field=submitted_by&field=uuid&field=schema_version&field=step_run&field=quality_metric_of&field=attachment&field=aligned_reads&field=%40type&field=assay_term_id
micro_rna_quantification_quality_metric	https://www.encodeproject.org/report.tsv?type=MicroRnaQuantificationQualityMetric&field=%40id&field=aliases&field=assay_term_name&field=status&field=lab&field=award&field=date_created&field=submitted_by&field=uuid&field=schema_version&field=step_run&field=quality_metric_of&field=attachment&field=expressed_mirnas&field=%40type&field=assay_term_id
mouse_donor	https://www.encodeproject.org/report.tsv?type=MouseDonor&field=%40id&field=accession&field=aliases&field=status&field=lab.title&field=strain_name&field=strain_background&field=organism.scientific_name&field=genetic_modifications&field=external_ids&field=schema_version&field=submitter_comment&field=uuid&field=award&field=date_created&field=submitted_by&field=notes&field=documents&field=url&field=references&field=source&field=genotype&field=alternate_accessions&field=parent_strains&field=dbxrefs&field=supersedes&field=%40type&field=characterizations&field=superseded_by
multiomics_series	https://www.encodeproject.org/report.tsv?type=MultiomicsSeries&field=%40id&field=accession&field=assay_term_name&field=organism.scientific_name&field=description&field=biosample_ontology.term_name&field=lab.title&field=award.project&field=status&field=target.%40id&field=target.label&field=related_datasets.%40id&field=related_datasets.simple_biosample_summary&field=related_datasets.replicates.antibody.accession&field=related_datasets.replicates.library.biosample.life_stage&field=related_datasets.replicates.library.biosample.age_display&field=related_datasets.replicates.library.biosample.treatments.treatment_term_name&field=related_datasets.replicates.library.biosample.treatments.treatment_term_id&field=related_datasets.replicates.library.biosample.treatments.amount&field=related_datasets.replicates.library.biosample.treatments.amount_units&field=related_datasets.replicates.library.biosample.treatments.duration&field=related_datasets.replicates.library.biosample.treatments.duration_units&field=related_datasets.replicates.library.biosample.synchronization&field=related_datasets.replicates.library.biosample.post_synchronization_time&field=related_datasets.replicates.library.biosample.post_synchronization_time_units&field=submitter_comment&field=schema_version&field=alternate_accessions&field=analyses&field=dbxrefs&field=date_released&field=doi&field=internal_tags&field=documents&field=notes&field=references&field=date_created&field=submitted_by&field=award&field=aliases&field=uuid&field=supersedes&field=assay_synonyms&field=biosample_ontology&field=assay_slims&field=assay_term_id&field=%40type&field=original_files&field=contributing_files&field=files&field=revoked_files&field=assembly&field=hub&field=default_analysis&field=revoked_datasets&field=biosample_summary&field=series_files&field=superseded_by
organism	https://www.encodeproject.org/report.tsv?type=Organism&field=%40id&field=name&field=status&field=uuid&field=schema_version&field=scientific_name&field=taxon_id&field=%40type
organism_development_series	https://www.encodeproject.org/report.tsv?type=OrganismDevelopmentSeries&field=%40id&field=accession&field=related_datasets.assay_term_name&field=description&field=lab.title&field=award.project&field=status&field=biosample_ontology.term_name&field=target.%40id&field=target.label&field=related_datasets.%40id&field=related_datasets.replicates.antibody.accession&field=related_datasets.replicates.library.biosample.age_display&field=related_datasets.replicates.library.biosample.life_stage&field=related_datasets.replicates.library.biosample.treatments.treatment_term_name&field=related_datasets.replicates.library.biosample.treatments.treatment_term_id&field=related_datasets.replicates.library.biosample.treatments.amount&field=related_datasets.replicates.library.biosample.treatments.amount_units&field=related_datasets.replicates.library.biosample.treatments.duration&field=related_datasets.replicates.library.biosample.treatments.duration_units&field=related_datasets.replicates.library.biosample.synchronization&field=related_datasets.replicates.library.biosample.post_synchronization_time&field=related_datasets.replicates.library.biosample.post_synchronization_time_units&field=related_datasets.replicates.library.biosample.organism.scientific_name&field=submitter_comment&field=schema_version&field=alternate_accessions&field=analyses&field=dbxrefs&field=date_released&field=doi&field=internal_tags&field=documents&field=notes&field=references&field=date_created&field=submitted_by&field=award&field=aliases&field=uuid&field=assay_synonyms&field=biosample_ontology&field=assay_slims&field=assay_term_id&field=%40type&field=original_files&field=contributing_files&field=files&field=revoked_files&field=assembly&field=hub&field=default_analysis&field=revoked_datasets&field=biosample_summary&field=series_files
page	https://www.encodeproject.org/report.tsv?type=Page&field=%40id&field=title&field=news&field=news_excerpt&field=date_created&field=status&field=lab&field=award&field=submitted_by&field=uuid&field=schema_version&field=parent&field=name&field=news_keywords&field=layout&field=%40type&field=canonical_uri
pipeline	https://www.encodeproject.org/report.tsv?type=Pipeline&field=%40id&field=accession&field=title&field=assay_term_names&field=version&field=status&field=analysis_steps.versions.software_versions.downloaded_url&field=analysis_steps.versions.software_versions.download_checksum&field=analysis_steps.versions.software_versions.software.title&field=analysis_steps.versions.software_versions.software.name&field=reference_filesets&field=submitter_comment&field=documents&field=date_created&field=submitted_by&field=references&field=notes&field=lab&field=award&field=aliases&field=uuid&field=schema_version&field=alternate_accessions&field=description&field=analysis_steps&field=source_url&field=standards_page&field=pipeline_version&field=%40type
platform	https://www.encodeproject.org/report.tsv?type=Platform&field=%40id&field=aliases&field=title&field=notes&field=date_created&field=submitted_by&field=status&field=url&field=uuid&field=schema_version&field=term_id&field=term_name&field=dbxrefs&field=%40type
project	https://www.encodeproject.org/report.tsv?type=Project&field=%40id&field=accession&field=assay_term_name&field=files.replicate.experiment.target.label&field=biosample_ontology.term_name&field=description&field=lab.title&field=award.project&field=status&field=organism.scientific_name&field=schema_version&field=related_files&field=alternate_accessions&field=analyses&field=dbxrefs&field=date_released&field=doi&field=internal_tags&field=documents&field=notes&field=references&field=date_created&field=submitted_by&field=award&field=aliases&field=uuid&field=project_type&field=assay_synonyms&field=biosample_ontology&field=assay_term_id&field=%40type&field=original_files&field=contributing_files&field=files&field=revoked_files&field=assembly&field=hub&field=default_analysis
publication	https://www.encodeproject.org/report.tsv?type=Publication&field=%40id&field=title&field=date_published&field=authors&field=status&field=journal&field=volume&field=issue&field=page&field=data_used&field=abstract&field=supplementary_data.supplementary_data_type&field=supplementary_data.file_format&field=supplementary_data.url&field=supplementary_data.data_summary&field=identifiers&field=documents&field=notes&field=lab&field=award&field=date_created&field=submitted_by&field=uuid&field=schema_version&field=date_revised&field=supplementary_data&field=categories&field=published_by&field=carts&field=publication_page&field=%40type&field=publication_year&field=publication_data&field=datasets
publication_data	https://www.encodeproject.org/report.tsv?type=PublicationData&field=%40id&field=accession&field=description&field=lab.title&field=award.project&field=status&field=schema_version&field=related_files&field=alternate_accessions&field=analyses&field=dbxrefs&field=date_released&field=doi&field=internal_tags&field=documents&field=notes&field=date_created&field=submitted_by&field=award&field=aliases&field=uuid&field=references&field=%40type&field=original_files&field=contributing_files&field=files&field=revoked_files&field=assembly&field=hub&field=default_analysis
pulse_chase_time_series	https://www.encodeproject.org/report.tsv?type=PulseChaseTimeSeries&field=%40id&field=accession&field=assay_term_name&field=organism.scientific_name&field=description&field=biosample_ontology.term_name&field=lab.title&field=award.project&field=status&field=target.%40id&field=target.label&field=related_datasets.%40id&field=related_datasets.replicates.antibody.accession&field=related_datasets.replicates.library.biosample.life_stage&field=related_datasets.replicates.library.biosample.age_display&field=related_datasets.replicates.library.biosample.treatments.treatment_term_name&field=related_datasets.replicates.library.biosample.treatments.treatment_term_id&field=related_datasets.replicates.library.biosample.treatments.amount&field=related_datasets.replicates.library.biosample.treatments.amount_units&field=related_datasets.replicates.library.biosample.treatments.duration&field=related_datasets.replicates.library.biosample.treatments.duration_units&field=related_datasets.replicates.library.biosample.synchronization&field=related_datasets.replicates.library.biosample.post_synchronization_time&field=related_datasets.replicates.library.biosample.post_synchronization_time_units&field=related_datasets.replicates.library.biosample.pulse_chase_time&field=related_datasets.replicates.library.biosample.pulse_chase_time_units&field=submitter_comment&field=schema_version&field=alternate_accessions&field=analyses&field=dbxrefs&field=date_released&field=doi&field=internal_tags&field=documents&field=notes&field=references&field=date_created&field=submitted_by&field=award&field=aliases&field=uuid&field=assay_synonyms&field=biosample_ontology&field=assay_slims&field=assay_term_id&field=%40type&field=original_files&field=contributing_files&field=files&field=revoked_files&field=assembly&field=hub&field=default_analysis&field=revoked_datasets&field=biosample_summary&field=series_files
quality_standard	https://www.encodeproject.org/report.tsv?type=QualityStandard&field=%40id&field=aliases&field=title&field=name&field=status&field=notes&field=uuid&field=schema_version&field=definitions&field=%40type
reference	https://www.encodeproject.org/report.tsv?type=Reference&field=%40id&field=accession&field=description&field=lab.title&field=award.project&field=elements_selection_method&field=examined_loci.symbol&field=crispr_screen_tiling&field=donor&field=status&field=software_used.software.name&field=schema_version&field=related_files&field=documents&field=alternate_accessions&field=analyses&field=dbxrefs&field=date_released&field=doi&field=internal_tags&field=notes&field=references&field=date_created&field=submitted_by&field=award&field=aliases&field=uuid&field=reference_type&field=organism&field=examined_regions&field=related_pipelines&field=experimental_input&field=%40type&field=original_files&field=contributing_files&field=files&field=revoked_files&field=assembly&field=hub&field=default_analysis
reference_epigenome	https://www.encodeproject.org/report.tsv?type=ReferenceEpigenome&field=%40id&field=accession&field=assay_term_name&field=biosample_ontology.term_name&field=related_datasets.assay_term_name&field=organism.scientific_name&field=description&field=lab.title&field=award.project&field=status&field=target.%40id&field=target.label&field=related_datasets.%40id&field=related_datasets.replicates.antibody.accession&field=related_datasets.replicates.library.biosample.life_stage&field=related_datasets.replicates.library.biosample.age_display&field=related_datasets.replicates.library.biosample.donor.accession&field=related_datasets.replicates.library.biosample.treatments.treatment_term_name&field=related_datasets.replicates.library.biosample.treatments.treatment_term_id&field=related_datasets.replicates.library.biosample.treatments.amount&field=related_datasets.replicates.library.biosample.treatments.amount_units&field=related_datasets.replicates.library.biosample.treatments.duration&field=related_datasets.replicates.library.biosample.treatments.duration_units&field=related_datasets.replicates.library.biosample.synchronization&field=related_datasets.replicates.library.biosample.post_synchronization_time&field=related_datasets.replicates.library.biosample.post_synchronization_time_units&field=submitter_comment&field=schema_version&field=alternate_accessions&field=analyses&field=dbxrefs&field=date_released&field=doi&field=internal_tags&field=documents&field=notes&field=references&field=date_created&field=submitted_by&field=award&field=aliases&field=uuid&field=supersedes&field=assay_synonyms&field=biosample_ontology&field=assay_slims&field=assay_term_id&field=%40type&field=original_files&field=contributing_files&field=files&field=revoked_files&field=assembly&field=hub&field=default_analysis&field=revoked_datasets&field=biosample_summary&field=series_files&field=superseded_by
replicate	https://www.encodeproject.org/report.tsv?type=Replicate&field=%40id&field=aliases&field=notes&field=date_created&field=submitted_by&field=uuid&field=schema_version&field=antibody&field=biological_replicate_number&field=technical_replicate_number&field=experiment&field=library&field=rbns_protein_concentration&field=rbns_protein_concentration_units&field=status&field=%40type
replication_timing_series	https://www.encodeproject.org/report.tsv?type=ReplicationTimingSeries&field=%40id&field=accession&field=related_datasets.assay_term_name&field=description&field=biosample_ontology.term_name&field=organism.scientific_name&field=lab.title&field=award.project&field=status&field=target.%40id&field=target.label&field=related_datasets.%40id&field=related_datasets.replicates.antibody.accession&field=related_datasets.replicates.library.biosample.life_stage&field=related_datasets.replicates.library.biosample.age_display&field=related_datasets.replicates.library.biosample.phase&field=related_datasets.replicates.library.biosample.treatments.treatment_term_name&field=related_datasets.replicates.library.biosample.treatments.treatment_term_id&field=related_datasets.replicates.library.biosample.treatments.amount&field=related_datasets.replicates.library.biosample.treatments.amount_units&field=related_datasets.replicates.library.biosample.treatments.duration&field=related_datasets.replicates.library.biosample.treatments.duration_units&field=related_datasets.replicates.library.biosample.synchronization&field=related_datasets.replicates.library.biosample.post_synchronization_time&field=related_datasets.replicates.library.biosample.post_synchronization_time_units&field=submitter_comment&field=schema_version&field=alternate_accessions&field=analyses&field=dbxrefs&field=date_released&field=doi&field=internal_tags&field=documents&field=notes&field=references&field=date_created&field=submitted_by&field=award&field=aliases&field=uuid&field=assay_synonyms&field=biosample_ontology&field=assay_slims&field=assay_term_id&field=%40type&field=original_files&field=contributing_files&field=files&field=revoked_files&field=assembly&field=hub&field=default_analysis&field=revoked_datasets&field=biosample_summary&field=series_files
samtools_flagstats_quality_metric	https://www.encodeproject.org/report.tsv?type=SamtoolsFlagstatsQualityMetric&field=%40id&field=aliases&field=assay_term_name&field=status&field=lab&field=award&field=date_created&field=submitted_by&field=uuid&field=schema_version&field=step_run&field=quality_metric_of&field=attachment&field=processing_stage&field=diff_chroms&field=diff_chroms_qc_failed&field=duplicates&field=duplicates_qc_failed&field=mapped&field=mapped_pct&field=mapped_qc_failed&field=paired&field=paired_properly&field=paired_properly_pct&field=paired_properly_qc_failed&field=paired_qc_failed&field=read1&field=read1_qc_failed&field=read2&field=read2_qc_failed&field=singletons&field=singletons_pct&field=singletons_qc_failed&field=total&field=total_qc_failed&field=with_itself&field=with_itself_qc_failed&field=%40type&field=assay_term_id&field=usable_fragments
samtools_stats_quality_metric	https://www.encodeproject.org/report.tsv?type=SamtoolsStatsQualityMetric&field=%40id&field=aliases&field=assay_term_name&field=status&field=lab&field=award&field=date_created&field=submitted_by&field=uuid&field=schema_version&field=step_run&field=quality_metric_of&field=attachment&field=1st+fragments&field=average+length&field=average+quality&field=bases+duplicated&field=bases+mapped&field=bases+mapped+%28cigar%29&field=bases+trimmed&field=error+rate&field=filtered+sequences&field=insert+size+average&field=insert+size+standard+deviation&field=inward+oriented+pairs&field=is+sorted&field=last+fragments&field=maximum+length&field=mismatches&field=non-primary+alignments&field=outward+oriented+pairs&field=pairs+on+different+chromosomes&field=pairs+with+other+orientation&field=raw+total+sequences&field=reads+MQ0&field=reads+QC+failed&field=reads+duplicated&field=reads+mapped&field=reads+mapped+and+paired&field=reads+paired&field=reads+properly+paired&field=reads+unmapped&field=sequences&field=total+length&field=%40type&field=assay_term_id
sc_atac_alignment_quality_metric	https://www.encodeproject.org/report.tsv?type=ScAtacAlignmentQualityMetric&field=%40id&field=aliases&field=assay_term_name&field=status&field=lab&field=award&field=date_created&field=submitted_by&field=uuid&field=schema_version&field=step_run&field=quality_metric_of&field=attachment&field=with_itself&field=with_itself_qc_failed&field=properly_paired_reads&field=properly_paired_reads_qc_failed&field=paired_reads&field=paired_reads_qc_failed&field=frac_properly_paired_reads&field=mapped_reads&field=mapped_reads_qc_failed&field=frac_mapped_reads&field=singletons&field=singletons_qc_failed&field=read1&field=read1_qc_failed&field=read2&field=read2_qc_failed&field=total_reads&field=total_reads_qc_failed&field=duplicate_reads&field=duplicate_reads_qc_failed&field=frac_singletons&field=diff_chroms&field=diff_chroms_qc_failed&field=non_mito_reads&field=mito_reads&field=frac_mito_reads&field=mito_stats&field=samstats&field=%40type&field=assay_term_id
sc_atac_analysis_quality_metric	https://www.encodeproject.org/report.tsv?type=ScAtacAnalysisQualityMetric&field=%40id&field=aliases&field=assay_term_name&field=status&field=lab&field=award&field=date_created&field=submitted_by&field=uuid&field=schema_version&field=step_run&field=quality_metric_of&field=attachment&field=median_fragment_count&field=median_tss_enrichment&field=archr_doublet_summary_figure&field=archr_fragment_size_distribution&field=archr_tss_by_unique_frags&field=archr_doublet_summary_text&field=archr_pre_filter_metadata&field=%40type&field=assay_term_id
sc_atac_counts_summary_quality_metric	https://www.encodeproject.org/report.tsv?type=ScAtacCountsSummaryQualityMetric&field=%40id&field=aliases&field=assay_term_name&field=status&field=lab&field=award&field=date_created&field=submitted_by&field=uuid&field=schema_version&field=step_run&field=quality_metric_of&field=attachment&field=reads_original&field=reads_barcode_matched&field=reads_mapped&field=reads_non_mito&field=reads_primary_align&field=reads_nodup&field=barcodes_fragments&field=barcodes_non_multiplet&field=barcodes_archr&field=%40type&field=assay_term_id
sc_atac_library_complexity_quality_metric	https://www.encodeproject.org/report.tsv?type=ScAtacLibraryComplexityQualityMetric&field=%40id&field=aliases&field=assay_term_name&field=status&field=lab&field=award&field=date_created&field=submitted_by&field=uuid&field=schema_version&field=step_run&field=quality_metric_of&field=attachment&field=NRF&field=PBC1&field=PBC2&field=distinct_fragments&field=paired_duplicate_reads&field=paired_optical_duplicate_reads&field=paired_reads&field=frac_duplicate_reads&field=positions_with_one_read&field=positions_with_two_reads&field=total_fragments&field=unpaired_duplicate_reads&field=unpaired_reads&field=unmapped_reads&field=picard_markdup_stats&field=pbc_stats&field=%40type&field=assay_term_id
sc_atac_multiplet_quality_metric	https://www.encodeproject.org/report.tsv?type=ScAtacMultipletQualityMetric&field=%40id&field=aliases&field=assay_term_name&field=status&field=lab&field=award&field=date_created&field=submitted_by&field=uuid&field=schema_version&field=step_run&field=quality_metric_of&field=attachment&field=original_barcode_count&field=final_barcode_count&field=analyzed_barcode_count&field=multiplet_barcode_count&field=frac_multiplets&field=multiplet_threshold&field=multiplet_stats&field=barcodes_status&field=barcode_pairs_multiplets&field=barcode_pairs_expanded&field=multiplet_threshold_plot&field=%40type&field=assay_term_id
sc_atac_read_quality_metric	https://www.encodeproject.org/report.tsv?type=ScAtacReadQualityMetric&field=%40id&field=aliases&field=assay_term_name&field=status&field=lab&field=award&field=date_created&field=submitted_by&field=uuid&field=schema_version&field=step_run&field=quality_metric_of&field=attachment&field=num_reads_total&field=num_reads_matched&field=frac_reads_matched&field=num_match_dist_0&field=num_match_dist_1&field=num_reads_trimmed&field=barcode_reverse_complement&field=barcode_matching_stats&field=adapter_trimming_stats&field=barcode_revcomp_stats&field=%40type&field=assay_term_id
scrna_seq_counts_summary_quality_metric	https://www.encodeproject.org/report.tsv?type=ScrnaSeqCountsSummaryQualityMetric&field=%40id&field=aliases&field=assay_term_name&field=status&field=lab&field=award&field=date_created&field=submitted_by&field=uuid&field=schema_version&field=step_run&field=quality_metric_of&field=attachment&field=total_counts_vs_pct_mitochondria&field=total_counts_vs_genes_by_count&field=counts_violin_plot&field=%40type&field=assay_term_id
segway_quality_metric	https://www.encodeproject.org/report.tsv?type=SegwayQualityMetric&field=%40id&field=aliases&field=assay_term_name&field=status&field=lab&field=award&field=date_created&field=submitted_by&field=uuid&field=schema_version&field=step_run&field=quality_metric_of&field=attachment&field=trackname_assay&field=feature_aggregation_tab&field=signal_distribution_tab&field=segment_sizes_tab&field=length_distribution_tab&field=%40type&field=assay_term_id
single_cell_rna_series	https://www.encodeproject.org/report.tsv?type=SingleCellRnaSeries&field=%40id&field=accession&field=assay_term_name&field=organism.scientific_name&field=description&field=biosample_ontology.term_name&field=lab.title&field=award.project&field=status&field=target.%40id&field=target.label&field=related_datasets.%40id&field=related_datasets.replicates.antibody.accession&field=related_datasets.replicates.library.biosample.life_stage&field=related_datasets.replicates.library.biosample.age_display&field=related_datasets.replicates.library.biosample.treatments.treatment_term_name&field=related_datasets.replicates.library.biosample.treatments.treatment_term_id&field=related_datasets.replicates.library.biosample.treatments.amount&field=related_datasets.replicates.library.biosample.treatments.amount_units&field=related_datasets.replicates.library.biosample.treatments.duration&field=related_datasets.replicates.library.biosample.treatments.duration_units&field=related_datasets.replicates.library.biosample.synchronization&field=related_datasets.replicates.library.biosample.post_synchronization_time&field=related_datasets.replicates.library.biosample.post_synchronization_time_units&field=related_datasets.replicates.library.biosample.subcellular_fraction_term_name&field=related_datasets.replicates.library.construction_platform.term_name&field=related_datasets.replicates.library.construction_method&field=submitter_comment&field=schema_version&field=alternate_accessions&field=analyses&field=dbxrefs&field=date_released&field=doi&field=internal_tags&field=documents&field=notes&field=references&field=date_created&field=submitted_by&field=award&field=aliases&field=uuid&field=assay_synonyms&field=biosample_ontology&field=assay_slims&field=assay_term_id&field=%40type&field=original_files&field=contributing_files&field=files&field=revoked_files&field=assembly&field=hub&field=default_analysis&field=revoked_datasets&field=biosample_summary&field=series_files
single_cell_unit	https://www.encodeproject.org/report.tsv?type=SingleCellUnit&field=%40id&field=accession&field=assay_term_name&field=assay_title&field=biosample_summary&field=biosample_ontology.term_name&field=biosample_ontology.classification&field=description&field=lab.title&field=award.project&field=status&field=submitter_comment&field=biosample_ontology&field=documents&field=references&field=schema_version&field=alternate_accessions&field=analyses&field=dbxrefs&field=date_released&field=doi&field=internal_tags&field=notes&field=date_created&field=submitted_by&field=award&field=aliases&field=uuid&field=date_submitted&field=supersedes&field=possible_controls&field=replication_type&field=objective_slims&field=type_slims&field=category_slims&field=assay_slims&field=assay_term_id&field=assay_synonyms&field=replicates&field=simple_biosample_summary&field=%40type&field=original_files&field=contributing_files&field=files&field=revoked_files&field=assembly&field=hub&field=default_analysis&field=related_series&field=superseded_by
software	https://www.encodeproject.org/report.tsv?type=Software&field=%40id&field=title&field=name&field=status&field=url&field=description&field=source_url&field=references&field=used_by&field=software_type&field=lab&field=award&field=date_created&field=submitted_by&field=notes&field=aliases&field=uuid&field=schema_version&field=bug_tracker_url&field=purpose&field=%40type&field=versions
software_version	https://www.encodeproject.org/report.tsv?type=SoftwareVersion&field=%40id&field=aliases&field=date_created&field=submitted_by&field=notes&field=status&field=uuid&field=schema_version&field=software&field=version&field=download_checksum&field=downloaded_url&field=%40type
source	https://www.encodeproject.org/report.tsv?type=Source&field=%40id&field=aliases&field=title&field=description&field=name&field=notes&field=status&field=url&field=uuid&field=schema_version&field=%40type
star_quality_metric	https://www.encodeproject.org/report.tsv?type=StarQualityMetric&field=%40id&field=aliases&field=assay_term_name&field=status&field=lab&field=award&field=date_created&field=submitted_by&field=uuid&field=schema_version&field=step_run&field=quality_metric_of&field=attachment&field=%25+of+chimeric+reads&field=%25+of+reads+mapped+to+multiple+loci&field=%25+of+reads+mapped+to+too+many+loci&field=%25+of+reads+unmapped:+other&field=%25+of+reads+unmapped:+too+many+mismatches&field=%25+of+reads+unmapped:+too+short&field=Average+input+read+length&field=Average+mapped+length&field=Deletion+average+length&field=Deletion+rate+per+base&field=Insertion+average+length&field=Insertion+rate+per+base&field=Mapping+speed%2C+Million+of+reads+per+hour&field=Mismatch+rate+per+base%2C+%25&field=Number+of+chimeric+reads&field=Number+of+input+reads&field=Number+of+reads+mapped+to+multiple+loci&field=Number+of+reads+mapped+to+too+many+loci&field=Number+of+splices:+AT%2FAC&field=Number+of+splices:+Annotated+%28sjdb%29&field=Number+of+splices:+GC%2FAG&field=Number+of+splices:+GT%2FAG&field=Number+of+splices:+Non-canonical&field=Number+of+splices:+Total&field=Uniquely+mapped+reads+%25&field=Uniquely+mapped+reads+number&field=%40type&field=assay_term_id&field=read_depth
star_solo_quality_metric	https://www.encodeproject.org/report.tsv?type=StarSoloQualityMetric&field=%40id&field=aliases&field=assay_term_name&field=status&field=lab&field=award&field=date_created&field=submitted_by&field=uuid&field=schema_version&field=step_run&field=quality_metric_of&field=attachment&field=mode&field=estimated_number_of_cells&field=fraction_of_unique_reads_in_cells&field=mean_gene_per_cell&field=mean_genefull_per_cell&field=mean_genefull_ex50pas_per_cell&field=mean_reads_per_cell&field=mean_UMI_per_cell&field=median_gene_per_cell&field=median_genefull_per_cell&field=median_genefull_ex50pas_per_cell&field=median_reads_per_cell&field=median_UMI_per_cell&field=number_of_reads&field=q30_bases_in_CB_UMI&field=q30_bases_in_rna_read&field=reads_mapped_to_gene_unique_gene&field=reads_mapped_to_genefull_unique_genefull&field=reads_mapped_to_genefull_ex50pas_unique_genefull_ex50pas&field=reads_mapped_to_gene_unique_and_multiple_gene&field=reads_mapped_to_genefull_unique_and_multiple_genefull&field=reads_mapped_to_genefull_ex50pas_unique_and_multiple_gene_ex50pas&field=reads_mapped_to_genome_unique&field=reads_mapped_to_genome_unique_and_multiple&field=reads_with_valid_barcodes&field=sequencing_saturation&field=total_gene_detected&field=total_genefull_detected&field=total_genefull_ex50pas_detected&field=umis_in_cells&field=unique_reads_in_cells_mapped_to_gene&field=unique_reads_in_cells_mapped_to_genefull&field=unique_reads_in_cells_mapped_to_genefull_ex50pas&field=barcode_rank_plot&field=sequencing_saturation_plot&field=%40type&field=assay_term_id
target	https://www.encodeproject.org/report.tsv?type=Target&field=%40id&field=label&field=investigated_as&field=organism.scientific_name&field=dbxrefs&field=genes.symbol&field=status&field=notes&field=aliases&field=uuid&field=schema_version&field=target_organism&field=genes&field=modifications&field=%40type&field=name&field=title
transgenic_enhancer_experiment	https://www.encodeproject.org/report.tsv?type=TransgenicEnhancerExperiment&field=%40id&field=accession&field=assay_term_name&field=assay_title&field=biosample_summary&field=biosample_ontology.term_name&field=biosample_ontology.classification&field=description&field=lab.title&field=award.project&field=status&field=submitter_comment&field=biosample_ontology&field=documents&field=references&field=schema_version&field=alternate_accessions&field=analyses&field=dbxrefs&field=date_released&field=doi&field=internal_tags&field=notes&field=date_created&field=submitted_by&field=award&field=aliases&field=uuid&field=date_submitted&field=elements_references&field=biosamples&field=possible_controls&field=element_location&field=tissue_with_enhancer_activity&field=supersedes&field=objective_slims&field=type_slims&field=category_slims&field=assay_slims&field=assay_term_id&field=assay_synonyms&field=%40type&field=original_files&field=contributing_files&field=files&field=revoked_files&field=assembly&field=hub&field=default_analysis&field=related_series&field=superseded_by&field=datapoint
treatment	https://www.encodeproject.org/report.tsv?type=Treatment&field=%40id&field=aliases&field=source&field=product_id&field=documents&field=treatment_type&field=treatment_term_id&field=treatment_term_name&field=treatment_type_details&field=notes&field=date_created&field=submitted_by&field=status&field=uuid&field=schema_version&field=dbxrefs&field=amount&field=amount_units&field=duration&field=duration_units&field=purpose&field=temperature&field=temperature_units&field=biosamples_used&field=antibodies_used&field=%40type
treatment_concentration_series	https://www.encodeproject.org/report.tsv?type=TreatmentConcentrationSeries&field=%40id&field=accession&field=biosample_ontology.term_name&field=related_datasets.assay_term_name&field=description&field=lab.title&field=award.project&field=status&field=target.%40id&field=target.label&field=related_datasets.%40id&field=related_datasets.replicates.antibody.accession&field=related_datasets.replicates.library.biosample.life_stage&field=related_datasets.replicates.library.biosample.age_display&field=related_datasets.replicates.library.biosample.treatments.treatment_term_name&field=related_datasets.replicates.library.biosample.treatments.treatment_term_id&field=related_datasets.replicates.library.biosample.treatments.amount&field=related_datasets.replicates.library.biosample.treatments.amount_units&field=related_datasets.replicates.library.biosample.treatments.duration&field=related_datasets.replicates.library.biosample.treatments.duration_units&field=related_datasets.replicates.library.biosample.synchronization&field=related_datasets.replicates.library.biosample.post_synchronization_time&field=related_datasets.replicates.library.biosample.post_synchronization_time_units&field=related_datasets.replicates.library.biosample.organism.scientific_name&field=submitter_comment&field=schema_version&field=alternate_accessions&field=analyses&field=dbxrefs&field=date_released&field=doi&field=internal_tags&field=documents&field=notes&field=references&field=date_created&field=submitted_by&field=award&field=aliases&field=uuid&field=assay_synonyms&field=biosample_ontology&field=assay_slims&field=assay_term_id&field=%40type&field=original_files&field=contributing_files&field=files&field=revoked_files&field=assembly&field=hub&field=default_analysis&field=revoked_datasets&field=biosample_summary&field=series_files
treatment_time_series	https://www.encodeproject.org/report.tsv?type=TreatmentTimeSeries&field=%40id&field=accession&field=assay_term_name&field=organism.scientific_name&field=description&field=biosample_ontology.term_name&field=lab.title&field=award.project&field=status&field=target.%40id&field=target.label&field=related_datasets.%40id&field=related_datasets.replicates.antibody.accession&field=related_datasets.replicates.library.biosample.life_stage&field=related_datasets.replicates.library.biosample.age_display&field=related_datasets.replicates.library.biosample.treatments.treatment_term_name&field=related_datasets.replicates.library.biosample.treatments.treatment_term_id&field=related_datasets.replicates.library.biosample.treatments.amount&field=related_datasets.replicates.library.biosample.treatments.amount_units&field=related_datasets.replicates.library.biosample.treatments.duration&field=related_datasets.replicates.library.biosample.treatments.duration_units&field=related_datasets.replicates.library.biosample.synchronization&field=related_datasets.replicates.library.biosample.post_synchronization_time&field=related_datasets.replicates.library.biosample.post_synchronization_time_units&field=submitter_comment&field=schema_version&field=alternate_accessions&field=analyses&field=dbxrefs&field=date_released&field=doi&field=internal_tags&field=documents&field=notes&field=references&field=date_created&field=submitted_by&field=award&field=aliases&field=uuid&field=assay_synonyms&field=biosample_ontology&field=assay_slims&field=assay_term_id&field=%40type&field=original_files&field=contributing_files&field=files&field=revoked_files&field=assembly&field=hub&field=default_analysis&field=revoked_datasets&field=biosample_summary&field=series_files
trimming_quality_metric	https://www.encodeproject.org/report.tsv?type=TrimmingQualityMetric&field=%40id&field=aliases&field=assay_term_name&field=status&field=lab&field=award&field=date_created&field=submitted_by&field=uuid&field=schema_version&field=step_run&field=quality_metric_of&field=attachment&field=PE+read-pairs+processed&field=PE+read-pairs+trimmed&field=read_1_with_adapter&field=read_2_with_adapter&field=SE+reads+processed&field=SE+reads+trimmed&field=total_read_pairs_processed&field=%40type&field=assay_term_id
ucsc_browser_composite	https://www.encodeproject.org/report.tsv?type=UcscBrowserComposite&field=%40id&field=accession&field=assay_term_name&field=files.replicate.experiment.target.label&field=description&field=lab.title&field=award.project&field=status&field=organism.scientific_name&field=schema_version&field=related_files&field=alternate_accessions&field=analyses&field=dbxrefs&field=date_released&field=doi&field=internal_tags&field=documents&field=notes&field=references&field=date_created&field=submitted_by&field=award&field=aliases&field=uuid&field=assay_synonyms&field=assay_term_id&field=%40type&field=original_files&field=contributing_files&field=files&field=revoked_files&field=assembly&field=hub&field=default_analysis
user	https://www.encodeproject.org/report.tsv?type=User&field=%40id&field=title&field=status&field=uuid&field=schema_version&field=email&field=first_name&field=last_name&field=lab&field=submits_for&field=groups&field=viewing_groups&field=job_title&field=%40type
worm_donor	https://www.encodeproject.org/report.tsv?type=WormDonor&field=%40id&field=accession&field=aliases&field=status&field=lab.title&field=strain_name&field=genotype&field=strain_background&field=organism.scientific_name&field=genetic_modifications&field=external_ids&field=schema_version&field=submitter_comment&field=uuid&field=award&field=date_created&field=submitted_by&field=notes&field=documents&field=references&field=source&field=url&field=alternate_accessions&field=parent_strains&field=num_times_outcrossed&field=outcrossed_strain&field=dbxrefs&field=supersedes&field=%40type&field=characterizations&field=superseded_by
